-- phpMyAdmin SQL Dump
-- version 4.6.6deb4
-- https://www.phpmyadmin.net/
--
-- Client :  localhost:3306
-- Généré le :  Jeu 31 Mai 2018 à 17:34
-- Version du serveur :  10.1.26-MariaDB-0+deb9u1
-- Version de PHP :  7.0.27-0+deb9u1

SET SQL_MODE = "NO_AUTO_VALUE_ON_ZERO";
SET time_zone = "+00:00";


/*!40101 SET @OLD_CHARACTER_SET_CLIENT=@@CHARACTER_SET_CLIENT */;
/*!40101 SET @OLD_CHARACTER_SET_RESULTS=@@CHARACTER_SET_RESULTS */;
/*!40101 SET @OLD_COLLATION_CONNECTION=@@COLLATION_CONNECTION */;
/*!40101 SET NAMES utf8mb4 */;

--
-- Base de données :  `ruche`
--

-- --------------------------------------------------------

--
-- Structure de la table `abeilles`
--

CREATE TABLE `abeilles` (
  `idabeilles` int(11) NOT NULL,
  `beeinside` tinyint(4) DEFAULT NULL,
  `beeoutside` varchar(45) DEFAULT NULL,
  `date` datetime NOT NULL,
  `ruches_idRuches` int(11) NOT NULL
) ENGINE=InnoDB DEFAULT CHARSET=utf8;

-- --------------------------------------------------------

--
-- Doublure de structure pour la vue `Alertes_1hour`
-- (Voir ci-dessous la vue réelle)
--
CREATE TABLE `Alertes_1hour` (
`tempval` float
,`date` datetime
,`poidsval` float
);

-- --------------------------------------------------------

--
-- Structure de la table `apiculteurs`
--

CREATE TABLE `apiculteurs` (
  `idapiculteurs` int(11) NOT NULL,
  `login` varchar(45) NOT NULL,
  `mdp` varchar(255) NOT NULL,
  `nom` varchar(45) DEFAULT NULL,
  `prenom` varchar(45) DEFAULT NULL,
  `telephone` varchar(10) DEFAULT NULL,
  `email` varchar(255) DEFAULT NULL,
  `droits` int(11) NOT NULL,
  `date_connexion` datetime DEFAULT NULL
) ENGINE=InnoDB DEFAULT CHARSET=utf8;

--
-- Contenu de la table `apiculteurs`
--

INSERT INTO `apiculteurs` (`idapiculteurs`, `login`, `mdp`, `nom`, `prenom`, `telephone`, `email`, `droits`, `date_connexion`) VALUES
(1, 'kchevalier', 'toto', 'Chevalier', 'Kevin', '0658280206', 'kevin.antoine.chevalier@gmail.com', 0, NULL),
(49, 'e', '$2y$10$my3ZhejWHruK54uFXc.0fOv3A8Z5xQHy0JSI6ktgr7drF/as7kK7G', 'e', 'e', '11', 'alginazeazeaz@gmail.com', 0, NULL),
(50, 'toshi', '$2y$10$/xQL3KkDwk0CnTJ5VFTi6.zGcb/ATytfjJfhaoc82hl2eZMQc7IKW', 'tos', 'Algin', '0612457832', 'algin@gmail.com', 0, NULL),
(52, 'apiculteur', '$2y$10$aOWR.ArqXP6afFUqf71GROHlC7fMZd9Xsf/GmSUjWEHP6kFzNoY4y', 'test', 'apiculteur', '0154785478', 'apiculteur@gmail.com', 0, NULL),
(53, 'atoshi', '$2y$10$/xQL3KkDwk0CnTJ5VFTi6.zGcb/ATytfjJfhaoc82hl2eZMQc7IKW', 'Toshi', 'Algin', '0613212452', 'toshi@gmail.com', 0, NULL);

-- --------------------------------------------------------

--
-- Structure de la table `mesures`
--

CREATE TABLE `mesures` (
  `idonnees` int(11) NOT NULL,
  `eclairementval` float NOT NULL,
  `pressionval` float NOT NULL,
  `tempval` float NOT NULL,
  `poidsval` float NOT NULL,
  `humidval` float NOT NULL,
  `tempfahr` float NOT NULL,
  `tension` float NOT NULL,
  `courant` float NOT NULL,
  `date` datetime NOT NULL DEFAULT CURRENT_TIMESTAMP,
  `ruches_idRuches` int(11) NOT NULL
) ENGINE=InnoDB DEFAULT CHARSET=utf8;

--
-- Contenu de la table `mesures`
--

INSERT INTO `mesures` (`idonnees`, `eclairementval`, `pressionval`, `tempval`, `poidsval`, `humidval`, `tempfahr`, `tension`, `courant`, `date`, `ruches_idRuches`) VALUES
(14, 9.554, 1015.24, 29.35, 0, 44.09, 84.83, 0, 0, '2018-05-24 15:50:54', 1),
(15, 9.538, 1015.32, 29.38, 0, 44.82, 84.88, -0.003, 0, '2018-05-24 15:51:23', 1),
(16, 9.55, 1014.72, 25.61, 0, 61.37, 78.1, 0, 0, '2018-05-28 10:07:32', 1),
(18, 9.546, 1014.87, 27.19, 0, 53.73, 80.94, 0, 0, '2018-05-28 11:30:02', 1),
(19, 9.546, 1014.79, 27.23, 0, 52.87, 81.03, 0, 0, '2018-05-28 11:40:01', 1),
(20, 9.546, 1014.85, 27.34, 0, 51.81, 81.21, 0, 0, '2018-05-28 11:50:01', 1),
(21, 9.546, 1014.69, 27.41, 0, 52.45, 81.34, 0, 0, '2018-05-28 12:00:01', 1),
(22, 9.542, 1014.59, 27.56, 0, 52.35, 81.61, 0, 0, '2018-05-28 12:10:01', 1),
(23, 9.546, 1014.66, 27.61, 0, 50.83, 81.7, 0, 0, '2018-05-28 12:20:01', 1),
(24, 9.546, 1014.74, 27.73, 0, 50.76, 81.91, 0, 0, '2018-05-28 12:30:01', 1),
(25, 9.542, 1014.79, 27.8, 0, 50.25, 82.04, 0, 0, '2018-05-28 12:40:01', 1),
(26, 9.546, 1014.92, 27.81, 0, 49.9, 82.06, 0, 0, '2018-05-28 12:50:01', 1),
(27, 9.542, 1014.85, 27.91, 0, 49.24, 82.24, 0, 0, '2018-05-28 13:00:02', 1),
(28, 9.542, 1015, 28.04, 0, 50.67, 82.47, 0, 0, '2018-05-28 13:10:01', 1),
(29, 9.546, 1014.99, 28.09, 0, 50.79, 82.56, 0, 0, '2018-05-28 13:20:01', 1),
(30, 9.546, 1014.94, 28.09, 0, 51.2, 82.56, -0.001, 0, '2018-05-28 13:30:01', 1),
(31, 9.542, 1015.04, 28.13, 0, 50.85, 82.65, 0, 0, '2018-05-28 13:40:01', 1),
(32, 9.542, 1015.13, 28.29, 0, 50.24, 82.92, 0, 0, '2018-05-28 13:50:01', 1),
(33, 9.542, 1015.03, 28.42, 0, 49.65, 83.16, 0, 0, '2018-05-28 14:00:01', 1),
(34, 9.542, 1014.85, 28.49, 0, 49.04, 83.28, 0, 0, '2018-05-28 14:10:01', 1),
(35, 9.542, 1014.93, 28.52, 0, 46.54, 83.34, 0, 0, '2018-05-28 14:20:01', 1),
(36, 9.538, 1014.8, 28.52, 0, 46.75, 83.34, 0, 0, '2018-05-28 14:30:01', 1),
(37, 9.538, 1014.71, 28.63, 0, 47.16, 83.52, 0, 0, '2018-05-28 14:40:01', 1),
(38, 9.538, 1014.53, 28.73, 0, 48.16, 83.71, -0.001, 0, '2018-05-28 14:50:01', 1),
(39, 9.538, 1014.52, 28.9, 0, 48.34, 84.04, 0, 0, '2018-05-28 15:00:01', 1),
(40, 9.538, 1014.38, 29.05, 0, 48.08, 84.29, 0, 0, '2018-05-28 15:10:01', 1),
(41, 9.538, 1014.22, 29.08, 0, 48.05, 84.36, 0, 0, '2018-05-28 15:20:01', 1),
(42, 9.538, 1014.1, 29.2, 0, 47.39, 84.56, 0, 0, '2018-05-28 15:30:01', 1),
(43, 9.538, 1013.99, 29.36, 0, 45.9, 84.85, 0, 0, '2018-05-28 15:40:01', 1),
(44, 9.534, 1013.79, 29.32, 0, 46.97, 84.78, 0, 0, '2018-05-28 15:50:01', 1),
(45, 9.534, 1013.7, 29.57, 0, 45.91, 85.23, 0, 0, '2018-05-28 16:00:01', 1),
(46, 9.534, 1013.64, 29.8, 0, 46.04, 85.66, 0, 0, '2018-05-28 16:10:01', 1),
(47, 9.538, 1013.74, 29.98, 0, 44.98, 85.96, 0, 0, '2018-05-28 16:20:01', 1),
(48, 9.534, 1013.75, 30.01, 0, 45.6, 86.02, 0, 0, '2018-05-28 16:30:02', 1),
(49, 9.534, 1013.75, 30.06, 0, 45.44, 86.13, 0, 0, '2018-05-28 16:40:01', 1),
(50, 9.534, 1013.56, 29.96, 0, 47.1, 85.93, 0, 0, '2018-05-28 16:50:01', 1),
(51, 9.534, 1013.5, 29.74, 0, 48.62, 85.53, 0, 0, '2018-05-28 17:00:01', 1),
(52, 9.534, 1013.58, 29.18, 0, 49.33, 84.49, 0, 0, '2018-05-28 17:10:01', 1),
(53, 9.534, 1013.57, 28.97, 0, 49.95, 84.15, 0, 0, '2018-05-28 17:20:01', 1),
(54, 9.531, 1013.62, 28.92, 0, 49.53, 84.06, 0, 0, '2018-05-28 17:30:01', 1),
(55, 9.534, 1013.65, 28.96, 0, 47.62, 84.13, 0, 0, '2018-05-28 17:40:02', 1),
(56, 9.531, 1013.61, 28.97, 0, 47.98, 84.15, 0, 0, '2018-05-28 17:50:01', 1),
(57, 9.534, 1013.46, 28.95, 0, 48.31, 84.11, 0, 0, '2018-05-28 18:00:01', 1),
(58, 9.531, 1013.31, 28.92, 0, 48.99, 84.06, 0, 0, '2018-05-28 18:10:01', 1),
(59, 9.534, 1013.31, 28.93, 0, 48.99, 84.07, 0, 0, '2018-05-28 18:20:01', 1),
(60, 9.534, 1013.35, 28.94, 0, 48.82, 84.06, 0, 0, '2018-05-28 18:30:01', 1),
(61, 9.531, 1013.26, 28.93, 0, 49.09, 84.07, 0, 0, '2018-05-28 18:40:01', 1),
(62, 9.531, 1013.14, 28.92, 0, 49.11, 84.06, 0, 0, '2018-05-28 18:50:02', 1),
(63, 9.531, 1013.16, 28.94, 0, 49.17, 84.09, 0, 0, '2018-05-28 19:00:01', 1),
(64, 9.531, 1013.22, 28.93, 0, 49.05, 84.07, 0, 0, '2018-05-28 19:10:01', 1),
(65, 9.531, 1013.44, 28.94, 0, 49.41, 84.09, 0, 0, '2018-05-28 19:20:01', 1),
(66, 9.531, 1013.44, 28.92, 0, 49.78, 84.06, 0, 0, '2018-05-28 19:30:01', 1),
(67, 9.531, 1013.8, 28.92, 0, 50.06, 84.07, 0, 0, '2018-05-28 19:40:01', 1),
(68, 9.527, 1013.91, 28.91, 0, 50.77, 84.04, 0, 0, '2018-05-28 19:50:01', 1),
(69, 9.531, 1014.1, 28.89, 0, 51.29, 84.02, 0, 0, '2018-05-28 20:00:02', 1),
(70, 9.527, 1014.1, 28.89, 0, 52.67, 83.98, -0.001, 0, '2018-05-28 20:10:01', 1),
(71, 9.531, 1013.98, 28.86, 0, 52.3, 83.95, 0, 0, '2018-05-28 20:20:01', 1),
(72, 9.527, 1013.74, 28.83, 0, 53.42, 83.89, 0, 0, '2018-05-28 20:30:01', 1),
(73, 9.527, 1013.81, 28.8, 0, 54.2, 83.84, 0, 0, '2018-05-28 20:40:01', 1),
(74, 9.523, 1014.05, 28.78, 0, 55.18, 83.8, 0, 0, '2018-05-28 20:50:01', 1),
(75, 9.527, 1014.05, 28.76, 0, 55.2, 83.77, 0, 0, '2018-05-28 21:00:01', 1),
(76, 9.527, 1014.14, 28.72, 0, 55.9, 83.71, 0, 0, '2018-05-28 21:10:01', 1),
(77, 9.527, 1014.2, 28.69, 0, 55.59, 83.64, 0, 0, '2018-05-28 21:20:01', 1),
(78, 9.523, 1014.07, 28.64, 0, 55.87, 83.55, 0, 0, '2018-05-28 21:30:01', 1),
(79, 9.523, 1013.97, 28.61, 0, 56.11, 83.5, 0, 0, '2018-05-28 21:40:01', 1),
(80, 9.527, 1014.02, 28.59, 0, 55.92, 83.46, 0, 0, '2018-05-28 21:50:02', 1),
(81, 9.523, 1014.14, 28.54, 0, 56.14, 83.39, 0, 0, '2018-05-28 22:00:01', 1),
(82, 9.527, 1014.25, 28.53, 0, 56.02, 83.34, 0, 0, '2018-05-28 22:10:01', 1),
(83, 9.523, 1014.11, 28.48, 0, 55.78, 83.26, 0, 0, '2018-05-28 22:20:01', 1),
(84, 9.523, 1013.91, 28.46, 0, 55.92, 83.23, 0, 0, '2018-05-28 22:30:01', 1),
(85, 9.523, 1013.83, 28.43, 0, 55.72, 83.16, -0.001, 0, '2018-05-28 22:40:01', 1),
(86, 9.523, 1013.83, 28.39, 0, 56.37, 83.1, 0, 0, '2018-05-28 22:50:01', 1),
(87, 9.523, 1013.85, 28.36, 0, 56.2, 83.03, 0, 0, '2018-05-28 23:00:01', 1),
(88, 9.519, 1013.99, 28.32, 0, 55.64, 82.98, 0, 0, '2018-05-28 23:10:01', 1),
(89, 9.523, 1014.11, 28.32, 0, 55.74, 82.98, 0, 0, '2018-05-28 23:20:01', 1),
(90, 9.519, 1014.16, 28.27, 0, 55.5, 82.87, 0, 0, '2018-05-28 23:30:01', 1),
(91, 9.523, 1014.15, 28.26, 0, 55.72, 82.87, 0, 0, '2018-05-28 23:40:01', 1),
(92, 9.523, 1014.29, 28.23, 0, 55.88, 82.81, 0, 0, '2018-05-28 23:50:01', 1),
(93, 9.523, 1014.19, 28.21, 0, 56.04, 82.76, 0, 0, '2018-05-29 00:00:01', 1),
(94, 9.519, 1014.16, 28.15, 0, 56.04, 82.67, 0, 0, '2018-05-29 00:10:01', 1),
(95, 9.519, 1013.98, 28.1, 0, 55.93, 82.58, 0, 0, '2018-05-29 00:20:02', 1),
(96, 9.519, 1013.94, 28.08, 0, 56.21, 82.54, 0, 0, '2018-05-29 00:30:01', 1),
(97, 9.519, 1013.77, 28.05, 0, 56.29, 82.49, 0, 0, '2018-05-29 00:40:01', 1),
(98, 9.519, 1013.69, 28.01, 0, 56.21, 82.42, 0, 0, '2018-05-29 00:50:01', 1),
(99, 9.519, 1013.7, 28, 0, 56.04, 82.4, 0, 0, '2018-05-29 01:00:01', 1),
(100, 9.519, 1013.6, 27.98, 0, 55.87, 82.36, 0, 0, '2018-05-29 01:10:01', 1),
(101, 9.519, 1013.42, 27.97, 0, 56.11, 82.33, 0, 0, '2018-05-29 01:20:01', 1),
(102, 9.519, 1013.32, 27.94, 0, 55.75, 82.27, 0, 0, '2018-05-29 01:30:01', 1),
(103, 9.519, 1013.38, 27.9, 0, 56.09, 82.22, 0, 0, '2018-05-29 01:40:01', 1),
(104, 9.519, 1013.2, 27.89, 0, 55.83, 82.2, 0, 0, '2018-05-29 01:50:01', 1),
(105, 9.519, 1013.24, 27.85, 0, 55.84, 82.13, 0, 0, '2018-05-29 02:00:01', 1),
(106, 9.519, 1013.09, 27.83, 0, 55.87, 82.11, 0, 0, '2018-05-29 02:10:01', 1),
(107, 9.519, 1012.9, 27.81, 0, 55.4, 82.06, 0, 0, '2018-05-29 02:20:01', 1),
(108, 9.515, 1012.87, 27.79, 0, 55.26, 82.02, 0, 0, '2018-05-29 02:30:01', 1),
(109, 9.515, 1012.78, 27.77, 0, 55.78, 81.99, 0, 0, '2018-05-29 02:40:02', 1),
(110, 9.515, 1012.84, 27.72, 0, 55.24, 81.9, 0, 0, '2018-05-29 02:50:01', 1),
(111, 9.515, 1012.75, 27.73, 0, 55.56, 81.91, 0, 0, '2018-05-29 03:00:01', 1),
(112, 9.515, 1012.73, 27.71, 0, 55.26, 81.86, 0, 0, '2018-05-29 03:10:01', 1),
(113, 9.515, 1012.61, 27.67, 0, 55.22, 81.81, 0, 0, '2018-05-29 03:20:01', 1),
(114, 9.515, 1012.61, 27.63, 0, 55.89, 81.73, 0, 0, '2018-05-29 03:30:01', 1),
(115, 9.515, 1012.59, 27.64, 0, 55.29, 81.75, 0, 0, '2018-05-29 03:40:01', 1),
(116, 9.515, 1012.53, 27.6, 0, 55.55, 81.66, 0, 0, '2018-05-29 03:50:01', 1),
(117, 9.511, 1012.56, 27.58, 0, 55.71, 81.63, 0, 0, '2018-05-29 04:00:01', 1),
(118, 9.511, 1012.41, 27.57, 0, 55.05, 81.63, 0, 0, '2018-05-29 04:10:01', 1),
(119, 9.515, 1012.53, 27.54, 0, 55.51, 81.55, 0, 0, '2018-05-29 04:20:01', 1),
(120, 9.511, 1012.41, 27.5, 0, 55.6, 81.5, 0, 0, '2018-05-29 04:30:02', 1),
(121, 9.511, 1012.36, 27.5, 0, 55.35, 81.5, 0, 0, '2018-05-29 04:40:01', 1),
(122, 9.511, 1012.28, 27.48, 0, 55.13, 81.46, 0, 0, '2018-05-29 04:50:01', 1),
(123, 9.511, 1012.15, 27.45, 0, 55.16, 81.41, 0, 0, '2018-05-29 05:00:01', 1),
(124, 9.511, 1012.1, 27.43, 0, 54.81, 81.37, 0, 0, '2018-05-29 05:10:01', 1),
(125, 9.511, 1012.01, 27.42, 0, 54.93, 81.36, 0, 0, '2018-05-29 05:20:02', 1),
(126, 9.511, 1012.06, 27.4, 0, 55, 81.32, 0, 0, '2018-05-29 05:30:01', 1),
(127, 9.511, 1012.02, 27.37, 0, 55.33, 81.27, 0, 0, '2018-05-29 05:40:01', 1),
(128, 9.511, 1012.05, 27.35, 0, 54.73, 81.23, 0, 0, '2018-05-29 05:50:01', 1),
(129, 9.507, 1012.21, 27.34, 0, 54.74, 81.21, 0, 0, '2018-05-29 06:00:02', 1),
(130, 9.507, 1012.29, 27.33, 0, 54.96, 81.18, -0.001, 0, '2018-05-29 06:10:01', 1),
(131, 9.507, 1012.16, 27.3, 0, 54.72, 81.14, 0, 0, '2018-05-29 06:20:02', 1),
(132, 9.507, 1012.17, 27.29, 0, 54.79, 81.14, 0, 0, '2018-05-29 06:30:01', 1),
(133, 9.507, 1012.16, 27.28, 0, 54.26, 81.1, 0, 0, '2018-05-29 06:40:01', 1),
(134, 9.503, 1012.1, 27.27, 0, 54.53, 81.09, 0, 0, '2018-05-29 06:50:01', 1),
(135, 9.507, 1012.1, 27.26, 0, 54.56, 81.07, 0, 0, '2018-05-29 07:00:01', 1),
(136, 9.507, 1012.14, 27.23, 0, 54.33, 81.01, 0, 0, '2018-05-29 07:10:01', 1),
(137, 9.507, 1012.07, 27.22, 0, 54.69, 81, 0, 0, '2018-05-29 07:20:01', 1),
(138, 9.507, 1012.09, 27.23, 0, 54.1, 81.01, 0, 0, '2018-05-29 07:30:01', 1),
(139, 9.507, 1011.99, 27.22, 0, 54.09, 81, 0, 0, '2018-05-29 07:40:01', 1),
(140, 9.507, 1012.06, 27.16, 0, 54.21, 80.89, 0, 0, '2018-05-29 07:50:01', 1),
(141, 9.503, 1011.84, 26.79, 0, 55.12, 80.22, 0, 0, '2018-05-29 08:00:01', 1),
(142, 9.507, 1012, 27.09, 0, 55.21, 80.76, 0, 0, '2018-05-29 08:10:01', 1),
(143, 9.503, 1011.93, 26.88, 0, 56.53, 80.38, 0, 0, '2018-05-29 08:20:01', 1),
(144, 9.503, 1012.02, 26.65, 0, 57.43, 79.97, 0, 95.83, '2018-05-29 08:30:01', 1),
(145, 9.503, 1011.96, 26.5, 0, 58.5, 79.7, 0, 95.83, '2018-05-29 08:40:01', 1),
(146, 9.503, 1012.04, 26.51, 0, 58.93, 79.72, 0, 95.83, '2018-05-29 08:50:01', 1),
(147, 9.503, 1012.12, 26.6, 0, 59.45, 79.86, 0, 95.83, '2018-05-29 09:00:01', 1),
(148, 9.503, 1012.01, 26.58, 0, 58.86, 79.86, 0, 0, '2018-05-29 09:05:44', 1),
(149, 9.503, 1011.97, 26.61, 0, 59.12, 79.9, 0, 0, '2018-05-29 09:10:01', 1),
(150, 9.503, 1011.93, 26.64, 0, 59.11, 79.95, 0, 72.08, '2018-05-29 09:18:05', 1),
(151, 9.503, 1011.97, 26.67, 0, 59.02, 80.01, 0, 72.08, '2018-05-29 09:20:01', 1),
(152, 9.503, 1011.95, 26.74, 0, 58.93, 80.13, 0, 73.75, '2018-05-29 09:30:02', 1),
(153, 9.499, 1011.9, 26.8, 0, 59.07, 80.24, 0, 73.33, '2018-05-29 09:40:01', 1),
(154, 9.503, 1012.03, 26.83, 0, 58.98, 80.29, 0, 75, '2018-05-29 09:50:02', 1),
(155, 9.503, 1012.06, 26.89, 0, 59.43, 80.38, 0, 74.58, '2018-05-29 10:00:01', 1),
(156, 9.503, 1011.91, 26.92, 0, 59.47, 80.46, 0, 75, '2018-05-29 10:10:02', 1),
(157, 74.17, 1011.81, 26.94, 0, 59.05, 80.49, 9.499, 0, '2018-05-29 10:19:59', 1),
(158, 74.58, 1011.8, 26.94, 0, 58.77, 80.49, 9.499, 0, '2018-05-29 10:20:02', 1),
(159, 100, 1011.85, 27.04, 0, 58.99, 80.67, 9.499, 0, '2018-05-29 10:30:01', 1),
(160, 138.33, 1011.86, 27.12, 0, 58.54, 80.78, 9.499, 0, '2018-05-29 10:40:01', 1),
(161, 102.5, 1011.77, 27.23, 0, 57.83, 81.01, 9.499, 0, '2018-05-29 10:50:02', 1),
(162, 111.25, 1011.77, 27.23, 0, 58.26, 81.01, 9.499, 0, '2018-05-29 10:51:31', 1),
(163, 106.67, 1011.8, 27.31, 0, 57.78, 81.16, 9.499, 0, '2018-05-29 11:00:01', 1),
(164, 133.33, 1011.92, 27.35, 0, 57.37, 81.21, 9.503, 0, '2018-05-29 11:10:01', 1),
(165, 125.42, 1011.8, 27.4, 0, 55.75, 81.28, 9.499, 0, '2018-05-29 11:20:02', 1),
(166, 118.75, 1011.84, 27.43, 0, 55.34, 81.37, 9.499, 0, '2018-05-29 11:30:01', 1),
(167, 146.67, 1011.78, 27.58, 0, 55.41, 81.64, 9.499, 0, '2018-05-29 11:40:02', 1),
(168, 103.33, 1011.74, 27.61, 0, 54.68, 81.7, 9.495, 0, '2018-05-29 11:50:01', 1),
(173, 146.67, 1011.78, 27.73, 0, 55.13, 81.91, 9.499, 0, '2018-05-29 12:00:02', 1),
(174, 120.83, 1011.81, 27.82, 0, 54.77, 82.08, 9.499, 0, '2018-05-29 12:10:01', 1),
(175, 111.25, 1011.77, 27.79, 0, 54.79, 82.02, 9.499, 0, '2018-05-29 12:20:02', 1),
(176, 166.25, 1011.82, 27.75, 0, 54.85, 81.95, 9.499, 0, '2018-05-29 12:30:01', 1),
(177, 191.25, 1011.73, 27.82, 0, 54.05, 82.08, 9.499, 0, '2018-05-29 12:40:01', 1),
(178, 234.58, 1011.72, 27.93, 0, 54.31, 82.29, 9.495, 0, '2018-05-29 12:50:02', 1),
(181, 211.67, 1011.66, 28.07, 0, 53.56, 82.53, 9.495, 0, '2018-05-29 13:00:01', 1),
(189, 237.5, 1011.65, 28.07, 0, 53.33, 82.54, 9.499, 0, '2018-05-29 13:10:02', 1),
(191, 251.67, 1011.65, 28.24, 0, 51.54, 82.81, 9.499, 0, '2018-05-29 13:20:01', 1),
(192, 234.17, 1011.61, 28.45, 0, 51.19, 83.21, 9.491, 0, '2018-05-29 13:30:02', 1),
(200, 180, 1011.56, 28.63, 0, 51.05, 83.53, 9.491, 0, '2018-05-29 13:40:01', 1),
(213, 180.83, 1011.48, 28.76, 0, 51.22, 83.75, 9.495, 0, '2018-05-29 13:50:02', 1),
(217, 210, 1011.5, 28.78, 0, 49.91, 83.8, 9.495, 0, '2018-05-29 14:00:01', 1),
(218, 310.83, 1011.27, 29.01, 0, 51.01, 84.22, 9.491, 0, '2018-05-29 14:10:01', 1),
(219, 306.67, 1011.24, 29.21, 0, 50, 84.54, 9.491, 0, '2018-05-29 14:20:01', 1),
(220, 175.42, 1011.16, 29.3, 0, 50.1, 84.74, 9.491, 0, '2018-05-29 14:30:02', 1),
(221, 133.75, 1011.07, 29.29, 0, 48.85, 84.65, 9.491, 0, '2018-05-29 14:35:45', 1),
(222, 168.75, 1011.1, 29.27, 0, 49.37, 84.6, 9.491, 0, '2018-05-29 14:40:01', 1),
(224, 206.67, 1010.96, 29.33, 0, 49.43, 84.74, 9.491, 0, '2018-05-29 14:50:01', 1),
(226, 160, 1010.84, 29.28, 0, 49.7, 84.65, 9.491, 0, '2018-05-29 15:00:01', 1),
(227, 164.17, 1010.83, 29.3, 0, 49.66, 84.74, 9.491, 0, '2018-05-29 15:00:48', 1),
(228, 205.42, 1010.77, 29.34, 0, 49.19, 84.76, 9.491, 0, '2018-05-29 15:10:01', 1),
(229, 246.67, 1010.61, 29.4, 0, 49.08, 84.92, 9.487, 0, '2018-05-29 15:20:01', 1),
(230, 221.25, 1010.66, 29.41, 0, 48.63, 84.94, 9.491, 0, '2018-05-29 15:30:01', 1),
(232, 212.08, 1010.6, 29.38, 0, 48.27, 84.88, 9.491, 0, '2018-05-29 15:40:02', 1),
(233, 191.67, 1010.49, 29.4, 0, 48.41, 84.92, 9.487, 0, '2018-05-29 15:50:15', 1),
(234, 170.83, 1010.43, 29.43, 0, 49.05, 84.92, 9.491, 0, '2018-05-29 15:55:18', 1),
(235, 167.92, 1010.49, 29.41, 0, 47.83, 84.94, 9.491, 0, '2018-05-29 16:00:01', 1),
(236, 149.17, 1010.5, 29.46, 0, 48.35, 84.97, 9.491, 0, '2018-05-29 16:10:02', 1),
(238, 115, 1010.44, 29.44, 0, 48.54, 84.92, 9.491, 0, '2018-05-29 16:20:01', 1),
(239, 113.33, 1010.37, 29.43, 0, 48.21, 84.97, 9.487, 0, '2018-05-29 16:30:01', 1),
(240, 112.5, 1010.35, 29.42, 0, 48.87, 84.96, 9.487, 0, '2018-05-29 16:30:45', 1),
(242, 123.33, 1010.33, 29.35, 0, 48.48, 84.76, 9.491, 0, '2018-05-29 16:40:02', 1),
(247, 158.33, 1010.41, 29.38, 0, 49.22, 84.81, 9.487, 0, '2018-05-29 16:50:01', 1),
(259, 170.42, 1010.38, 29.8, 0, 47.86, 85.64, 9.487, 0, '2018-05-29 17:00:02', 1),
(260, 0.83, 1010.35, 29.19, 0, 49.75, 84.54, 9.487, 0, '2018-05-29 17:10:01', 1),
(261, 0.83, 1010.18, 28.98, 0, 50.1, 84.13, 9.487, 0, '2018-05-29 17:20:02', 1),
(262, 0.42, 1010.07, 28.91, 0, 49.89, 84, 9.487, 0, '2018-05-29 17:30:01', 1),
(263, 0.42, 1009.93, 28.91, 0, 49.64, 84.04, 9.483, 0, '2018-05-29 17:40:02', 1),
(264, 0.42, 1009.89, 28.91, 0, 49.89, 84.04, 9.483, 0, '2018-05-29 17:50:01', 1),
(265, 0.42, 1010.04, 28.94, 0, 49.23, 84.09, 9.487, 0, '2018-05-29 18:00:02', 1),
(266, 0.42, 1010.15, 28.96, 0, 49.29, 84.13, 9.487, 0, '2018-05-29 18:10:01', 1),
(267, 0.42, 1010.24, 28.98, 0, 49.42, 84.13, 9.483, 0, '2018-05-29 18:20:01', 1),
(268, 0.42, 1010.15, 28.99, 0, 49.47, 84.13, 9.487, 0, '2018-05-29 18:30:01', 1),
(269, 0.42, 1010.28, 29.01, 0, 49.5, 84.15, 9.483, 0, '2018-05-29 18:40:01', 1),
(270, 0.42, 1010.07, 29.01, 0, 49.54, 84.18, 9.483, 0, '2018-05-29 18:50:02', 1),
(271, 0.42, 1010, 29.02, 0, 49.33, 84.2, 9.483, 0, '2018-05-29 19:00:01', 1),
(272, 0.42, 1010.02, 29.03, 0, 49.27, 84.25, 9.483, 0, '2018-05-29 19:10:02', 1),
(273, 0.42, 1010.05, 29.02, 0, 49.22, 84.2, 9.483, 0, '2018-05-29 19:20:01', 1),
(274, 0.42, 1009.9, 29.02, 0, 49.34, 84.24, 9.483, 0, '2018-05-29 19:30:02', 1),
(275, 0.83, 1010.01, 29.04, 0, 49.79, 84.18, 9.483, 0, '2018-05-29 19:40:01', 1),
(276, 0.83, 1009.99, 29.04, 0, 49.53, 84.27, 9.483, 0, '2018-05-29 19:50:01', 1),
(277, 0.83, 1010.04, 29.04, 0, 49.65, 84.24, 9.483, 0, '2018-05-29 20:00:01', 1),
(278, 0.83, 1010.09, 29.05, 0, 49.66, 84.24, 9.483, 0, '2018-05-29 20:10:02', 1),
(279, 0.83, 1010.34, 29.06, 0, 49.52, 84.25, 9.479, 0, '2018-05-29 20:20:01', 1),
(280, 0.83, 1010.26, 29.07, 0, 49.46, 84.33, 9.483, 0, '2018-05-29 20:30:01', 1),
(281, 0.83, 1010.34, 29.08, 0, 49.72, 84.34, 9.483, 0, '2018-05-29 20:40:01', 1),
(282, 0.83, 1010.37, 29.09, 0, 49.92, 84.33, 9.479, 0, '2018-05-29 20:50:02', 1),
(283, 0.83, 1010.47, 29.11, 0, 49.33, 84.36, 9.479, 0, '2018-05-29 21:00:01', 1),
(284, 0.83, 1010.6, 29.12, 0, 49.6, 84.4, 9.483, 0, '2018-05-29 21:10:02', 1),
(285, 0.83, 1010.58, 29.13, 0, 49.88, 84.34, 9.479, 0, '2018-05-29 21:20:01', 1),
(286, 0.83, 1010.65, 29.14, 0, 49.53, 84.45, 9.479, 0, '2018-05-29 21:30:02', 1),
(287, 0.83, 1010.58, 29.14, 0, 49.67, 84.45, 9.479, 0, '2018-05-29 21:40:01', 1),
(288, 0.83, 1010.77, 29.16, 0, 50.17, 84.43, 9.479, 0, '2018-05-29 21:50:02', 1),
(289, 0.83, 1010.86, 29.17, 0, 49.8, 84.49, 9.479, 0, '2018-05-29 22:00:01', 1),
(290, 0.83, 1010.84, 29.17, 0, 50.62, 84.52, 9.479, 0, '2018-05-29 22:10:01', 1),
(291, 0.83, 1011.1, 29.18, 0, 50.21, 84.52, 9.479, 0, '2018-05-29 22:20:02', 1),
(292, 0.83, 1011.18, 29.18, 0, 50.5, 84.52, 9.479, 0, '2018-05-29 22:30:01', 1),
(293, 0.83, 1011.13, 29.17, 0, 50.26, 84.51, 9.475, 0, '2018-05-29 22:40:01', 1),
(294, 0.83, 1011.12, 29.19, 0, 50.78, 84.52, 9.475, 0, '2018-05-29 22:50:01', 1),
(295, 0.42, 1011.11, 29.18, 0, 50.51, 84.52, 9.479, 0, '2018-05-29 23:00:02', 1),
(296, 0.42, 1011, 29.18, 0, 50.66, 84.47, 9.475, 0, '2018-05-29 23:10:01', 1),
(297, 0.42, 1011.11, 29.18, 0, 50.95, 84.54, 9.475, 0, '2018-05-29 23:20:01', 1),
(298, 0.42, 1011.14, 29.19, 0, 50.94, 84.54, 9.475, 0, '2018-05-29 23:30:01', 1),
(299, 0.42, 1011.23, 29.18, 0, 50.44, 84.52, 9.475, 0, '2018-05-29 23:40:02', 1),
(300, 0.42, 1011.21, 29.15, 0, 51.44, 84.42, 9.475, 0, '2018-05-29 23:50:01', 1),
(301, 0.42, 1011.01, 29.14, 0, 51.46, 84.47, 9.475, 0, '2018-05-30 00:00:01', 1),
(302, 0.42, 1011.16, 29.13, 0, 51.85, 84.43, 9.475, 0, '2018-05-30 00:10:01', 1),
(303, 0.42, 1011.13, 29.11, 0, 52.18, 84.34, 9.475, 0, '2018-05-30 00:20:02', 1),
(304, 0.42, 1011.15, 29.09, 0, 53.09, 84.33, 9.475, 0, '2018-05-30 00:30:01', 1),
(305, 0.42, 1011.08, 29.09, 0, 53.07, 84.36, 9.471, 0, '2018-05-30 00:40:01', 1),
(306, 0.42, 1011.16, 29.07, 0, 53.39, 84.27, 9.475, 0, '2018-05-30 00:50:01', 1),
(307, 0.42, 1011.22, 29.05, 0, 53.49, 84.29, 9.471, 0, '2018-05-30 01:00:01', 1),
(308, 0.42, 1011.29, 29.03, 0, 53.97, 84.22, 9.471, 0, '2018-05-30 01:10:01', 1),
(309, 0.42, 1011.34, 29.02, 0, 53.63, 84.18, 9.471, 0, '2018-05-30 01:20:02', 1),
(310, 0.42, 1011.28, 28.99, 0, 54, 84.15, 9.471, 0, '2018-05-30 01:30:01', 1),
(311, 0.42, 1011.2, 28.98, 0, 54.1, 84.13, 9.475, 0, '2018-05-30 01:40:02', 1),
(312, 0.42, 1011.2, 28.96, 0, 53.76, 84.09, 9.471, 0, '2018-05-30 01:50:01', 1),
(313, 0.42, 1011.23, 28.93, 0, 53.35, 84.04, 9.467, 0, '2018-05-30 02:00:01', 1),
(314, 0.42, 1011.21, 28.93, 0, 53.21, 84.07, 9.467, 0, '2018-05-30 02:10:02', 1),
(315, 0.42, 1011.15, 28.89, 0, 53.62, 83.97, 9.471, 0, '2018-05-30 02:20:01', 1),
(316, 0.42, 1011.17, 28.88, 0, 53.36, 83.98, 9.471, 0, '2018-05-30 02:30:01', 1),
(317, 0.42, 1011.15, 28.86, 0, 53.86, 83.89, 9.471, 0, '2018-05-30 02:40:01', 1),
(318, 0.42, 1011.2, 28.84, 0, 53.08, 83.88, 9.467, 0, '2018-05-30 02:50:02', 1),
(319, 0.42, 1011.02, 28.83, 0, 52.88, 83.89, 9.467, 0, '2018-05-30 03:00:01', 1),
(320, 0.42, 1011.15, 28.81, 0, 52.73, 83.77, 9.471, 0, '2018-05-30 03:10:02', 1),
(321, 0.42, 1011.07, 28.78, 0, 53.12, 83.8, 9.467, 0, '2018-05-30 03:20:01', 1),
(322, 0.42, 1011.07, 28.76, 0, 52.71, 83.75, 9.471, 0, '2018-05-30 03:30:02', 1),
(323, 0.42, 1011.04, 28.73, 0, 54.14, 83.68, 9.467, 0, '2018-05-30 03:40:01', 1),
(324, 0.42, 1011.04, 28.71, 0, 52.45, 83.66, 9.467, 0, '2018-05-30 03:50:01', 1),
(325, 0.42, 1011.05, 28.7, 0, 52.6, 83.66, 9.467, 0, '2018-05-30 04:00:02', 1),
(326, 0.42, 1011.03, 28.69, 0, 52.33, 83.64, 9.467, 0, '2018-05-30 04:10:01', 1),
(327, 0.42, 1011.08, 28.67, 0, 52.36, 83.55, 9.467, 0, '2018-05-30 04:20:02', 1),
(328, 0.42, 1011.08, 28.65, 0, 52.26, 83.57, 9.471, 0, '2018-05-30 04:30:01', 1),
(329, 0.42, 1011.09, 28.62, 0, 52.4, 83.46, 9.467, 0, '2018-05-30 04:40:02', 1),
(330, 0.42, 1011.19, 28.62, 0, 52.18, 83.52, 9.463, 0, '2018-05-30 04:50:01', 1),
(331, 0.42, 1011.05, 28.6, 0, 52.61, 83.41, 9.467, 0, '2018-05-30 05:00:02', 1),
(332, 0.42, 1011, 28.58, 0, 52.52, 83.44, 9.463, 0, '2018-05-30 05:10:01', 1),
(333, 0.42, 1011.01, 28.56, 0, 52.06, 83.41, 9.467, 0, '2018-05-30 05:20:01', 1),
(334, 0.42, 1010.95, 28.54, 0, 51.93, 83.35, 9.463, 0, '2018-05-30 05:30:01', 1),
(335, 0.42, 1010.81, 28.54, 0, 52.44, 83.32, 9.467, 0, '2018-05-30 05:40:02', 1),
(336, 0.42, 1010.85, 28.51, 0, 52.23, 83.28, 9.463, 0, '2018-05-30 05:50:01', 1),
(337, 0.42, 1011.01, 28.49, 0, 52.69, 83.28, 9.463, 0, '2018-05-30 06:00:02', 1),
(338, 0.42, 1011.07, 28.48, 0, 52.34, 83.26, 9.463, 0, '2018-05-30 06:10:01', 1),
(339, 0.42, 1011.12, 28.46, 0, 52.31, 83.17, 9.467, 0, '2018-05-30 06:20:01', 1),
(340, 0.42, 1011.07, 28.45, 0, 52.33, 83.21, 9.463, 0, '2018-05-30 06:30:01', 1),
(341, 0.42, 1011.2, 28.45, 0, 52.56, 83.21, 9.463, 0, '2018-05-30 06:40:02', 1),
(342, 0.42, 1011.17, 28.41, 0, 52.75, 83.08, 9.463, 0, '2018-05-30 06:50:01', 1),
(343, 0.42, 1011.22, 28.39, 0, 52.46, 83.1, 9.463, 0, '2018-05-30 07:00:01', 1),
(344, 0.42, 1011.3, 28.39, 0, 52.48, 83.08, 9.463, 0, '2018-05-30 07:10:01', 1),
(345, 0.42, 1011.43, 28.38, 0, 52.45, 82.99, 9.463, 0, '2018-05-30 07:20:01', 1),
(346, 0.42, 1011.61, 28.37, 0, 52.57, 82.99, 9.463, 0, '2018-05-30 07:30:01', 1),
(347, 0.42, 1011.63, 28.35, 0, 52.53, 82.99, 9.463, 0, '2018-05-30 07:40:01', 1),
(348, 0.42, 1011.56, 28.32, 0, 52.5, 82.94, 9.463, 0, '2018-05-30 07:50:02', 1),
(349, 0.42, 1011.6, 28.31, 0, 52.69, 82.92, 9.459, 0, '2018-05-30 08:00:01', 1),
(350, 0.42, 1011.5, 28.31, 0, 52.38, 82.89, 9.459, 0, '2018-05-30 08:10:01', 1),
(351, 0.42, 1011.71, 28.3, 0, 52.84, 82.89, 9.459, 0, '2018-05-30 08:20:02', 1),
(352, 17.5, 1011.77, 28.02, 0, 53.7, 82.4, 9.459, 0, '2018-05-30 08:30:01', 1),
(353, 21.67, 1011.65, 27.61, 0, 55.48, 81.64, 9.459, 0, '2018-05-30 08:40:01', 1),
(354, 14.17, 1011.72, 27.5, 0, 55.49, 81.45, 9.459, 0, '2018-05-30 08:50:01', 1),
(355, 17.08, 1011.82, 27.46, 0, 55.87, 81.43, 9.459, 0, '2018-05-30 09:00:02', 1),
(356, 14.58, 1011.87, 27.45, 0, 55.83, 81.41, 9.459, 0, '2018-05-30 09:10:01', 1),
(357, 18.33, 1011.83, 27.42, 0, 56, 81.36, 9.459, 0, '2018-05-30 09:20:01', 1),
(358, 30, 1011.86, 27.44, 0, 55.99, 81.34, 9.459, 0, '2018-05-30 09:30:01', 1),
(359, 27.5, 1011.84, 27.45, 0, 56.05, 81.41, 9.459, 0, '2018-05-30 09:40:01', 1),
(360, 33.75, 1011.83, 27.48, 0, 56, 81.39, 9.455, 0, '2018-05-30 09:50:01', 1),
(361, 22.08, 1011.79, 27.52, 0, 55.74, 81.54, 9.459, 0, '2018-05-30 10:00:02', 1),
(362, 25.42, 1011.81, 27.54, 0, 54.54, 81.5, 9.455, 0, '2018-05-30 10:10:01', 1),
(363, 25.42, 1011.72, 27.55, 0, 55.17, 81.54, 9.455, 0, '2018-05-30 10:20:01', 1),
(364, 48.33, 1011.78, 27.6, 0, 53.35, 81.64, 9.459, 0, '2018-05-30 10:30:02', 1),
(365, 37.08, 1011.74, 27.58, 0, 53.99, 84.29, 9.455, 0, '2018-05-30 10:40:01', 1),
(366, 27.92, 1011.75, 27.35, 0, 53.6, 81.23, 9.455, 0, '2018-05-30 10:50:01', 1),
(367, 39.17, 1011.85, 27.23, 0, 53.33, 80.96, 9.455, 0, '2018-05-30 11:00:01', 1),
(368, 47.08, 1011.91, 27.31, 0, 52.13, 81.1, 9.455, 0, '2018-05-30 11:10:01', 1),
(369, 37.08, 1011.81, 27.34, 0, 51.92, 81.21, 9.455, 0, '2018-05-30 11:20:01', 1),
(370, 51.25, 1011.93, 27.36, 0, 51.53, 81.19, 9.459, 0, '2018-05-30 11:30:02', 1),
(371, 40, 1011.86, 27.23, 0, 50.57, 80.96, 9.455, 0, '2018-05-30 11:40:01', 1),
(372, 40, 1011.86, 27.12, 0, 50.28, 80.76, 9.455, 0, '2018-05-30 11:50:02', 1),
(373, 62.92, 1012, 27.24, 0, 50.13, 81.03, 9.455, 0, '2018-05-30 12:00:01', 1),
(374, 38.75, 1012.11, 27.38, 0, 49.6, 81.21, 9.455, 0, '2018-05-30 12:10:02', 1),
(375, 26.67, 1012.2, 27.42, 0, 50.55, 81.28, 9.455, 0, '2018-05-30 12:20:01', 1),
(376, 27.5, 1012.3, 27.42, 0, 51.06, 81.32, 9.455, 0, '2018-05-30 12:30:02', 1),
(377, 38.75, 1012.35, 27.45, 0, 50.86, 81.39, 9.455, 0, '2018-05-30 12:40:01', 1),
(378, 40.83, 1012.37, 27.47, 0, 50.6, 81.39, 9.455, 0, '2018-05-30 12:50:02', 1),
(379, 43.33, 1012.27, 27.44, 0, 50.46, 81.39, 9.455, 0, '2018-05-30 13:00:01', 1),
(380, 39.58, 1012.3, 27.53, 0, 50.45, 81.55, 9.451, 0, '2018-05-30 13:10:01', 1),
(381, 63.75, 1012.44, 27.56, 0, 51.06, 81.54, 9.455, 0, '2018-05-30 13:20:01', 1),
(382, 72.92, 1012.4, 27.6, 0, 51.42, 81.68, 9.455, 0, '2018-05-30 13:30:02', 1),
(383, 56.67, 1012.47, 27.75, 0, 50.93, 81.95, 9.451, 0, '2018-05-30 13:40:01', 1),
(384, 71.67, 1012.39, 27.79, 0, 51.02, 81.99, 9.451, 0, '2018-05-30 13:50:02', 1),
(385, 81.25, 1012.38, 27.85, 0, 50.43, 82.08, 9.451, 0, '2018-05-30 14:00:01', 1),
(386, 64.17, 1012.41, 27.89, 0, 49.23, 82.15, 9.455, 0, '2018-05-30 14:10:02', 1),
(387, 42.5, 1012.22, 27.88, 0, 49.85, 82.15, 9.451, 0, '2018-05-30 14:20:01', 1),
(388, 42.08, 1012.12, 27.86, 0, 49.59, 82.13, 9.451, 0, '2018-05-30 14:30:01', 1),
(389, 50, 1012.09, 27.84, 0, 50.34, 82.08, 9.451, 0, '2018-05-30 14:40:01', 1),
(390, 66.67, 1011.98, 27.82, 0, 49.36, 82.04, 9.451, 0, '2018-05-30 14:50:02', 1),
(391, 58.75, 1011.98, 27.89, 0, 49.83, 82.13, 9.447, 0, '2018-05-30 15:00:01', 1),
(392, 143.75, 1011.92, 27.95, 0, 49.68, 82.27, 9.447, 0, '2018-05-30 15:10:01', 1),
(393, 34.58, 1011.92, 27.98, 0, 49.86, 82.35, 9.447, 0, '2018-05-30 15:20:01', 1),
(394, 36.67, 1011.98, 27.97, 0, 49.72, 82.29, 9.447, 0, '2018-05-30 15:30:01', 1),
(395, 41.25, 1011.96, 27.97, 0, 49.82, 82.27, 9.447, 0, '2018-05-30 15:40:01', 1),
(396, 113.75, 1011.92, 28.05, 0, 49.44, 82.42, 9.451, 0, '2018-05-30 15:50:01', 1),
(397, 109.17, 1011.83, 28.27, 0, 49.02, 82.85, 9.443, 0, '2018-05-30 16:00:01', 1),
(398, 177.08, 1011.81, 28.42, 0, 48.42, 83.1, 9.447, 0, '2018-05-30 16:10:01', 1),
(399, 171.25, 1011.86, 28.61, 0, 47.61, 83.5, 9.447, 0, '2018-05-30 16:20:02', 1),
(400, 174.17, 1011.61, 28.75, 0, 47.41, 83.7, 9.447, 0, '2018-05-30 16:30:01', 1),
(401, 45.42, 1011.38, 28.81, 0, 47.02, 83.8, 9.451, 0, '2018-05-30 16:40:02', 1),
(402, 68.75, 1011.3, 28.82, 0, 47.37, 83.82, 9.447, 0, '2018-05-30 16:50:01', 1),
(403, 153.75, 1011.32, 28.88, 0, 46.92, 83.95, 9.447, 0, '2018-05-30 17:00:01', 1),
(404, 155, 1011.2, 29, 0, 46.28, 84.2, 9.443, 0, '2018-05-30 17:10:01', 1),
(405, 62.92, 1011.26, 29.08, 0, 46.06, 84.33, 9.447, 0, '2018-05-30 17:20:01', 1),
(406, 142.5, 1011.15, 29.12, 0, 45.39, 84.42, 9.443, 0, '2018-05-30 17:30:01', 1),
(407, 112.08, 1011.12, 29.21, 0, 45.64, 84.52, 9.447, 0, '2018-05-30 17:40:01', 1),
(408, 96.25, 1011.15, 29.28, 0, 44.98, 84.63, 9.443, 0, '2018-05-30 17:50:01', 1),
(409, 72.92, 1010.99, 29.3, 0, 45.11, 84.74, 9.443, 0, '2018-05-30 18:00:01', 1),
(410, 50, 1011.13, 29.28, 0, 45.01, 84.69, 9.443, 0, '2018-05-30 18:10:01', 1),
(411, 64.58, 1010.99, 29.29, 0, 45.48, 84.72, 9.447, 0, '2018-05-30 18:20:02', 1),
(412, 56.25, 1010.93, 29.3, 0, 45.32, 84.7, 9.443, 0, '2018-05-30 18:30:01', 1),
(413, 31.25, 1011.05, 29.29, 0, 45.59, 84.72, 9.443, 0, '2018-05-30 18:40:01', 1),
(414, 21.25, 1011.15, 29.24, 0, 46.11, 84.63, 9.443, 0, '2018-05-30 18:50:01', 1),
(415, 19.58, 1011.26, 29.21, 0, 46.3, 84.52, 9.439, 0, '2018-05-30 19:00:01', 1),
(416, 16.67, 1011.18, 29.18, 0, 46.56, 84.47, 9.443, 0, '2018-05-30 19:10:01', 1),
(417, 16.25, 1011.11, 29.12, 0, 46.67, 84.33, 9.443, 0, '2018-05-30 19:20:02', 1),
(418, 20, 1011.08, 29.08, 0, 46.99, 84.33, 9.439, 0, '2018-05-30 19:30:01', 1),
(419, 12.08, 1011.35, 29.06, 0, 47.04, 84.27, 9.439, 0, '2018-05-30 19:40:02', 1),
(420, 13.75, 1011.34, 29.03, 0, 47.55, 84.22, 9.439, 0, '2018-05-30 19:50:01', 1),
(421, 12.5, 1011.46, 29, 0, 47.07, 84.2, 9.439, 0, '2018-05-30 20:00:02', 1),
(422, 7.08, 1011.64, 28.98, 0, 47.16, 84.16, 9.443, 0, '2018-05-30 20:10:01', 1),
(423, 6.67, 1011.58, 28.96, 0, 47.87, 84.09, 9.439, 0, '2018-05-30 20:20:01', 1),
(424, 5.83, 1011.69, 28.95, 0, 47.65, 84.02, 9.439, 0, '2018-05-30 20:30:01', 1),
(425, 3.33, 1011.73, 28.91, 0, 47.85, 84, 9.439, 0, '2018-05-30 20:40:01', 1),
(426, 2.5, 1011.87, 28.87, 0, 47.54, 83.91, 9.439, 0, '2018-05-30 20:50:01', 1),
(427, 1.25, 1011.97, 28.84, 0, 48.06, 83.88, 9.439, 0, '2018-05-30 21:00:02', 1),
(428, 1.25, 1011.91, 28.78, 0, 48.48, 83.79, 9.439, 0, '2018-05-30 21:10:01', 1),
(429, 0.83, 1011.86, 28.73, 0, 49.06, 83.64, 9.439, 0, '2018-05-30 21:20:01', 1),
(430, 0.83, 1011.88, 28.66, 0, 49.01, 83.52, 9.439, 0, '2018-05-30 21:30:01', 1),
(431, 0.42, 1011.72, 28.61, 0, 49.26, 83.44, 9.439, 0, '2018-05-30 21:40:01', 1),
(432, 0.42, 1011.82, 28.58, 0, 48.87, 83.41, 9.435, 0, '2018-05-30 21:50:01', 1),
(433, 0.42, 1011.78, 28.53, 0, 49.37, 83.3, 9.439, 0, '2018-05-30 22:00:01', 1),
(434, 0.42, 1011.82, 28.48, 0, 49.47, 83.28, 9.435, 0, '2018-05-30 22:10:01', 1),
(435, 0.42, 1011.9, 28.46, 0, 49.51, 83.21, 9.435, 0, '2018-05-30 22:20:02', 1),
(436, 0.42, 1011.98, 28.42, 0, 49.95, 83.16, 9.431, 0, '2018-05-30 22:30:01', 1),
(437, 0.42, 1012.02, 28.39, 0, 49.45, 83.05, 9.439, 0, '2018-05-30 22:40:01', 1),
(438, 0.42, 1012.11, 28.36, 0, 50.2, 82.98, 9.439, 0, '2018-05-30 22:50:02', 1),
(439, 0.42, 1012.15, 28.35, 0, 50.03, 83.03, 9.435, 0, '2018-05-30 23:00:01', 1),
(440, 0.42, 1012.12, 28.33, 0, 49.9, 82.96, 9.439, 0, '2018-05-30 23:10:01', 1),
(441, 0.42, 1012.08, 28.31, 0, 50.03, 82.96, 9.435, 0, '2018-05-30 23:20:01', 1),
(442, 0.42, 1011.99, 28.29, 0, 50.36, 82.87, 9.435, 0, '2018-05-30 23:30:01', 1),
(443, 0.42, 1011.96, 28.27, 0, 49.98, 82.89, 9.435, 0, '2018-05-30 23:40:02', 1),
(444, 0.42, 1011.84, 28.23, 0, 50.36, 82.81, 9.435, 0, '2018-05-30 23:50:01', 1),
(445, 0.42, 1011.96, 28.22, 0, 50.71, 82.8, 9.435, 0, '2018-05-31 00:00:02', 1),
(446, 0.42, 1011.84, 28.19, 0, 51.01, 82.74, 9.435, 0, '2018-05-31 00:10:01', 1),
(447, 0.42, 1011.98, 28.16, 0, 51.58, 82.62, 9.435, 0, '2018-05-31 00:20:01', 1),
(448, 0.42, 1012, 28.13, 0, 52.37, 82.6, 9.431, 0, '2018-05-31 00:30:01', 1),
(449, 0.42, 1012.03, 28.08, 0, 51.98, 82.56, 9.435, 0, '2018-05-31 00:40:01', 1),
(450, 0.42, 1012.08, 28.06, 0, 53.02, 82.51, 9.435, 0, '2018-05-31 00:50:02', 1),
(451, 0.42, 1011.97, 28.05, 0, 52.97, 82.49, 9.431, 0, '2018-05-31 01:00:01', 1),
(452, 0.42, 1011.87, 28.02, 0, 52.75, 82.38, 9.435, 0, '2018-05-31 01:10:02', 1),
(453, 0.42, 1012, 27.98, 0, 52.97, 82.35, 9.431, 0, '2018-05-31 01:20:01', 1),
(454, 0.42, 1012.05, 27.95, 0, 53.18, 82.27, 9.431, 0, '2018-05-31 01:30:02', 1),
(455, 0.42, 1011.82, 27.94, 0, 53.11, 82.29, 9.435, 0, '2018-05-31 01:40:01', 1),
(456, 0.42, 1011.74, 27.92, 0, 53.35, 82.2, 9.431, 0, '2018-05-31 01:50:01', 1),
(457, 0.42, 1011.72, 27.91, 0, 54.12, 82.26, 9.431, 0, '2018-05-31 02:00:01', 1),
(458, 0.42, 1011.69, 27.89, 0, 53.98, 82.18, 9.431, 0, '2018-05-31 02:10:02', 1),
(459, 0.42, 1011.64, 27.88, 0, 54.22, 82.11, 9.431, 0, '2018-05-31 02:20:01', 1),
(460, 0.42, 1011.74, 27.85, 0, 54.36, 82.11, 9.431, 0, '2018-05-31 02:30:01', 1),
(461, 0.42, 1011.7, 27.83, 0, 54.64, 82, 9.431, 0, '2018-05-31 02:40:01', 1),
(462, 0.42, 1011.62, 27.81, 0, 54.67, 82, 9.431, 0, '2018-05-31 02:50:01', 1),
(463, 0.42, 1011.63, 27.79, 0, 55.44, 82, 9.431, 0, '2018-05-31 03:00:01', 1),
(464, 0.42, 1011.63, 27.77, 0, 54.88, 81.95, 9.431, 0, '2018-05-31 03:10:01', 1),
(465, 0.42, 1011.58, 27.75, 0, 55.35, 81.91, 9.431, 0, '2018-05-31 03:20:01', 1),
(466, 0.42, 1011.46, 27.73, 0, 55.03, 81.91, 9.431, 0, '2018-05-31 03:30:01', 1),
(467, 0.42, 1011.55, 27.72, 0, 55.4, 81.84, 9.431, 0, '2018-05-31 03:40:01', 1),
(468, 0.42, 1011.64, 27.71, 0, 55.31, 81.88, 9.431, 0, '2018-05-31 03:50:02', 1),
(469, 0.42, 1011.79, 27.71, 0, 55.45, 81.81, 9.431, 0, '2018-05-31 04:00:01', 1),
(470, 0.42, 1011.77, 27.68, 0, 55.64, 81.75, 9.431, 0, '2018-05-31 04:10:02', 1),
(471, 0.42, 1011.79, 27.67, 0, 55.78, 81.75, 9.431, 0, '2018-05-31 04:20:01', 1),
(472, 0.42, 1011.7, 27.67, 0, 56.02, 81.72, 9.427, 0, '2018-05-31 04:30:02', 1),
(473, 0.42, 1011.65, 27.64, 0, 55.7, 81.7, 9.431, 0, '2018-05-31 04:40:01', 1),
(474, 0.42, 1011.54, 27.62, 0, 56.79, 81.68, 9.427, 0, '2018-05-31 04:50:01', 1),
(475, 0.42, 1011.62, 27.61, 0, 56.08, 81.7, 9.431, 0, '2018-05-31 05:00:02', 1),
(476, 0.42, 1011.36, 27.57, 0, 55.96, 81.57, 9.431, 0, '2018-05-31 05:10:01', 1),
(477, 0.42, 1011.45, 27.58, 0, 55.83, 81.61, 9.431, 0, '2018-05-31 05:20:02', 1),
(478, 0.42, 1011.59, 27.55, 0, 56.12, 81.55, 9.427, 0, '2018-05-31 05:30:01', 1),
(479, 0.42, 1011.65, 27.55, 0, 56.3, 81.52, 9.427, 0, '2018-05-31 05:40:01', 1),
(480, 0.42, 1011.86, 27.52, 0, 56.26, 81.54, 9.427, 0, '2018-05-31 05:50:01', 1),
(481, 0.42, 1011.95, 27.49, 0, 56.66, 81.46, 9.427, 0, '2018-05-31 06:00:01', 1),
(482, 0.42, 1011.91, 27.48, 0, 55.86, 81.45, 9.423, 0, '2018-05-31 06:10:01', 1),
(483, 0.83, 1012.01, 27.48, 0, 56.06, 81.45, 9.427, 0, '2018-05-31 06:20:01', 1),
(484, 1.25, 1012.02, 27.42, 0, 55.29, 81.37, 9.427, 0, '2018-05-31 06:30:02', 1),
(485, 1.67, 1012.06, 27.41, 0, 55.46, 81.34, 9.423, 0, '2018-05-31 06:40:01', 1),
(486, 1.25, 1012.2, 27.4, 0, 55.27, 81.27, 9.423, 0, '2018-05-31 06:50:01', 1),
(487, 2.08, 1012.31, 27.39, 0, 55.74, 81.3, 9.423, 0, '2018-05-31 07:00:01', 1),
(488, 3.33, 1012.31, 27.38, 0, 55.62, 81.27, 9.427, 0, '2018-05-31 07:10:02', 1),
(489, 4.17, 1012.45, 27.36, 0, 55.58, 81.19, 9.427, 0, '2018-05-31 07:20:01', 1),
(490, 6.25, 1012.52, 27.36, 0, 55.38, 81.23, 9.423, 0, '2018-05-31 07:30:02', 1),
(491, 6.67, 1012.7, 27.33, 0, 55.25, 81.19, 9.423, 0, '2018-05-31 07:40:01', 1),
(492, 9.58, 1012.75, 27.32, 0, 55.15, 81.16, 9.423, 0, '2018-05-31 07:50:02', 1),
(493, 12.92, 1012.79, 27.3, 0, 55.03, 81.14, 9.423, 0, '2018-05-31 08:00:01', 1),
(494, 13.33, 1012.96, 27.28, 0, 54.85, 81.09, 9.423, 0, '2018-05-31 08:10:01', 1),
(495, 18.75, 1013.08, 27.33, 0, 54.68, 81.12, 9.419, 0, '2018-05-31 08:20:01', 1),
(496, 28.75, 1013.1, 27.32, 0, 54.81, 81.12, 9.423, 0, '2018-05-31 08:30:01', 1),
(497, 27.08, 1013.22, 27.33, 0, 54.44, 81.14, 9.419, 0, '2018-05-31 08:40:01', 1),
(498, 24.17, 1013.36, 27.38, 0, 54.41, 81.27, 9.423, 0, '2018-05-31 08:50:02', 1),
(499, 22.5, 1013.34, 27.38, 0, 54.08, 81.28, 9.419, 0, '2018-05-31 09:00:01', 1),
(500, 22.08, 1013.6, 27.4, 0, 54.57, 81.3, 9.423, 0, '2018-05-31 09:10:02', 1),
(501, 28.33, 1013.57, 27.44, 0, 53.94, 81.34, 9.419, 0, '2018-05-31 09:20:01', 1),
(502, 33.75, 1013.6, 27.43, 0, 53.97, 81.32, 9.419, 0, '2018-05-31 09:30:01', 1),
(503, 31.25, 1013.54, 27.44, 0, 53.98, 81.36, 9.419, 0, '2018-05-31 09:40:01', 1),
(504, 33.33, 1013.78, 27.44, 0, 53.51, 81.39, 9.419, 0, '2018-05-31 09:50:01', 1),
(505, 42.5, 1013.71, 27.53, 0, 53.36, 81.57, 9.419, 0, '2018-05-31 10:00:02', 1),
(506, 42.08, 1013.75, 27.62, 0, 53.77, 81.64, 9.419, 0, '2018-05-31 10:10:01', 1),
(507, 36.67, 1013.9, 27.71, 0, 53.36, 81.82, 9.419, 0, '2018-05-31 10:20:01', 1),
(508, 37.5, 1013.83, 27.65, 0, 52.1, 81.75, 9.419, 0, '2018-05-31 10:30:02', 1),
(509, 39.17, 1014.02, 27.7, 0, 52.44, 81.84, 9.419, 0, '2018-05-31 10:40:01', 1),
(510, 43.33, 1014.12, 27.71, 0, 51.58, 81.88, 9.419, 0, '2018-05-31 10:50:01', 1),
(511, 49.58, 1014.11, 27.79, 0, 51.51, 82, 9.419, 0, '2018-05-31 11:00:01', 1),
(512, 56.67, 1014.32, 27.9, 0, 51.61, 82.15, 9.419, 0, '2018-05-31 11:10:02', 1),
(513, 67.5, 1014.4, 28.11, 0, 52.5, 82.54, 9.419, 0, '2018-05-31 11:30:01', 1),
(514, 63.75, 1014.36, 28.15, 0, 50.66, 82.62, 9.415, 0, '2018-05-31 11:40:01', 1),
(515, 63.33, 1014.43, 28.26, 0, 50.83, 82.81, 9.415, 0, '2018-05-31 11:50:01', 1),
(516, 70.42, 1014.33, 28.03, 0, 51.15, 82.45, 9.419, 0, '2018-05-31 11:20:26', 1),
(517, 47.5, 1014.31, 28.32, 0, 49.93, 82.98, 9.419, 0, '2018-05-31 12:00:02', 1),
(518, 60.42, 1014.27, 28.33, 0, 50.24, 82.92, 9.419, 0, '2018-05-31 12:10:01', 1),
(519, 43.75, 1014.32, 28.41, 0, 50.05, 83.14, 9.415, 0, '2018-05-31 12:20:02', 1),
(520, 62.08, 1014.23, 28.44, 0, 49.4, 83.14, 9.415, 0, '2018-05-31 12:30:01', 1),
(521, 48.33, 1014.24, 28.46, 0, 49.63, 83.17, 9.415, 0, '2018-05-31 12:40:01', 1),
(522, 53.33, 1014.13, 28.43, 0, 49.24, 83.1, 9.419, 0, '2018-05-31 12:50:01', 1),
(523, 45.42, 1014.23, 28.09, 0, 48.88, 82.56, 9.415, 0, '2018-05-31 13:00:01', 1),
(528, 137.5, 1014.31, 27.88, 0, 48.79, 82.18, 9.415, 0, '2018-05-31 13:10:02', 1),
(529, 57.92, 1014.23, 27.9, 0, 48.84, 82.22, 9.415, 0, '2018-05-31 13:20:01', 1),
(533, 60, 1014.31, 27.96, 0, 48.88, 82.33, 9.419, 0, '2018-05-31 13:30:01', 1),
(534, 84.17, 1014.26, 28.03, 0, 48.59, 82.38, 9.415, 0, '2018-05-31 13:40:02', 1),
(535, 74.58, 1014.32, 28.15, 0, 47.83, 82.63, 9.415, 0, '2018-05-31 13:50:01', 1),
(536, 77.92, 1014.26, 28.23, 0, 47.41, 82.8, 9.415, 0, '2018-05-31 14:00:02', 1),
(537, 79.58, 1014.21, 28.28, 0, 46.85, 82.87, 9.415, 0, '2018-05-31 14:10:01', 1),
(538, 166.25, 1014.13, 28.33, 0, 47.1, 82.98, 9.415, 0, '2018-05-31 14:20:01', 1),
(539, 175, 1014.19, 28.56, 0, 46.75, 83.37, 9.415, 0, '2018-05-31 14:30:01', 1),
(540, 155, 1014.19, 28.68, 0, 46.09, 83.57, 9.415, 0, '2018-05-31 14:40:01', 1),
(541, 154.58, 1014.21, 28.85, 0, 45.9, 83.93, 9.415, 0, '2018-05-31 14:50:01', 1),
(542, 85, 1014.08, 29.01, 0, 45.46, 84.18, 9.411, 0, '2018-05-31 15:00:02', 1),
(543, 137.92, 1014.08, 28.95, 0, 45.45, 84.09, 9.411, 0, '2018-05-31 15:10:01', 1),
(544, 81.25, 1014.01, 29.01, 0, 44.95, 84.18, 9.411, 0, '2018-05-31 15:20:02', 1),
(545, 65, 1014.01, 29.15, 0, 45.91, 84.4, 9.411, 0, '2018-05-31 15:30:01', 1),
(546, 58.75, 1013.89, 29.12, 0, 45.16, 84.42, 9.411, 0, '2018-05-31 15:40:02', 1),
(547, 85.83, 1013.85, 28.91, 0, 45.27, 83.98, 9.411, 0, '2018-05-31 15:50:01', 1),
(548, 0, 0, 0, 0.432304, 0, 0, 0, 0, '2018-05-31 15:59:03', 2),
(549, 73.33, 1013.79, 28.94, 0, 44.92, 84.09, 9.411, 0, '2018-05-31 16:00:01', 1),
(550, 0, 0, 0, 424.235, 0, 0, 0, 0, '2018-05-31 16:00:25', 2),
(551, 0, 0, 0, 188.102, 0, 0, 0, 0, '2018-05-31 16:00:32', 2),
(552, 134.17, 1013.72, 28.94, 0, 45.12, 84.04, 9.411, 0, '2018-05-31 16:10:01', 1),
(553, 135.83, 1013.68, 28.99, 0, 44.95, 84.16, 9.411, 0, '2018-05-31 16:20:01', 1),
(554, 104.17, 1013.78, 29.12, 0, 44.88, 84.34, 9.411, 0, '2018-05-31 16:30:02', 1),
(557, 45.83, 1013.71, 28.81, 0, 45.63, 83.82, 9.411, 0, '2018-05-31 16:40:01', 1),
(558, 66.25, 1013.69, 28.68, 0, 45.61, 83.62, 9.411, 0, '2018-05-31 16:50:02', 1),
(559, 46.25, 1013.65, 28.63, 0, 45.6, 83.46, 9.411, 0, '2018-05-31 17:00:01', 1),
(560, 37.92, 1013.78, 28.68, 0, 46.5, 83.62, 9.407, 0, '2018-05-31 17:10:01', 1),
(561, 28.33, 1013.84, 28.59, 0, 46.51, 83.46, 9.411, 0, '2018-05-31 17:20:02', 1),
(563, 42.92, 1013.75, 28.42, 0, 46.89, 83.08, 9.407, 0, '2018-05-31 17:30:01', 1);

-- --------------------------------------------------------

--
-- Structure de la table `ruches`
--

CREATE TABLE `ruches` (
  `idRuches` int(11) NOT NULL,
  `seuilPoids` float DEFAULT NULL,
  `seuilTempBasse` float DEFAULT NULL,
  `seuilTempHaute` float DEFAULT NULL,
  `longitude` float DEFAULT NULL,
  `latitude` float DEFAULT NULL,
  `altitude` float DEFAULT NULL,
  `ville` varchar(255) NOT NULL,
  `apiculteurs_idapiculteurs` int(11) NOT NULL,
  `descriptionRuche` longtext NOT NULL
) ENGINE=InnoDB DEFAULT CHARSET=utf8;

--
-- Contenu de la table `ruches`
--

INSERT INTO `ruches` (`idRuches`, `seuilPoids`, `seuilTempBasse`, `seuilTempHaute`, `longitude`, `latitude`, `altitude`, `ville`, `apiculteurs_idapiculteurs`, `descriptionRuche`) VALUES
(1, 40, -5, 40, 0.204433, 47.9957, 40, 'Le Mans', 1, 'Ruche de test'),
(2, NULL, NULL, NULL, 1, 2, 3, 'aaaa', 49, 'zzzzz'),
(3, NULL, NULL, NULL, 1, 1, 1, 'a', 49, 'g'),
(4, NULL, NULL, NULL, 1, 1, 1, 'aa', 50, 'ee'),
(5, NULL, NULL, NULL, 1, 1, 1, 'aze', 50, 'h'),
(6, 25, 15, 50, 0.72, 47.96, NULL, 'Les Communs, 72120 Conflans-sur-Anille, France', 50, 'aazza'),
(12, 20, -50, 60, 0.13, 48, NULL, 'Pré des Bourdonnières, 72700 Rouillon, France', 50, 'mlmlk'),
(13, 30, -10, 90, 0.16, 48, NULL, 'Les Vignes, 72000 Rouillon, France', 50, 'ol'),
(14, 3, 0, 0, 0.19, 48, NULL, '96 Quai Amiral Lalande, 72100 Le Mans, France', 50, '2'),
(26, 0, 0, 0, 0, 0, NULL, 'Le Mans', 50, ''),
(27, 0, 0, 0, 0, 0, NULL, 'Le Mans', 50, ''),
(28, 0, 0, 0, 0, 0, NULL, 'Le Mans', 50, ''),
(29, 0, 0, 0, 0.18, 48.01, NULL, '65 Rue Marceau, 72100 Le Mans, France', 50, ''),
(30, 20, 20, 12, -0.76, 48.07, NULL, '90 Rue de la Senelle, 53000 Laval, France', 52, 'bonjour'),
(31, 4, 4, 4, 0.18, 48.01, NULL, '194 Avenue Rubillard, 72100 Le Mans, France', 53, '4'),
(32, 4, 4, 4, 0.17, 48.01, NULL, '278 Avenue Rubillard, 72000 Le Mans, France', 53, '4');

-- --------------------------------------------------------

--
-- Structure de la vue `Alertes_1hour`
--
DROP TABLE IF EXISTS `Alertes_1hour`;

CREATE ALGORITHM=UNDEFINED DEFINER=`ruche`@`%` SQL SECURITY DEFINER VIEW `Alertes_1hour`  AS  select `mesures`.`tempval` AS `tempval`,`mesures`.`date` AS `date`,`mesures`.`poidsval` AS `poidsval` from (`mesures` join `ruches`) where (((`mesures`.`tempval` > `ruches`.`seuilTempHaute`) or (`mesures`.`poidsval` < `ruches`.`seuilPoids`)) and (`mesures`.`date` >= (now() - interval 1 hour))) ;

--
-- Index pour les tables exportées
--

--
-- Index pour la table `abeilles`
--
ALTER TABLE `abeilles`
  ADD PRIMARY KEY (`idabeilles`),
  ADD KEY `fk_abeilles_ruches1_idx` (`ruches_idRuches`);

--
-- Index pour la table `apiculteurs`
--
ALTER TABLE `apiculteurs`
  ADD PRIMARY KEY (`idapiculteurs`);

--
-- Index pour la table `mesures`
--
ALTER TABLE `mesures`
  ADD PRIMARY KEY (`idonnees`),
  ADD KEY `fk_donneesval_ruches1_idx` (`ruches_idRuches`);

--
-- Index pour la table `ruches`
--
ALTER TABLE `ruches`
  ADD PRIMARY KEY (`idRuches`),
  ADD KEY `fk_ruches_apiculteurs_idx` (`apiculteurs_idapiculteurs`);

--
-- AUTO_INCREMENT pour les tables exportées
--

--
-- AUTO_INCREMENT pour la table `apiculteurs`
--
ALTER TABLE `apiculteurs`
  MODIFY `idapiculteurs` int(11) NOT NULL AUTO_INCREMENT, AUTO_INCREMENT=54;
--
-- AUTO_INCREMENT pour la table `mesures`
--
ALTER TABLE `mesures`
  MODIFY `idonnees` int(11) NOT NULL AUTO_INCREMENT, AUTO_INCREMENT=564;
--
-- AUTO_INCREMENT pour la table `ruches`
--
ALTER TABLE `ruches`
  MODIFY `idRuches` int(11) NOT NULL AUTO_INCREMENT, AUTO_INCREMENT=33;
--
-- Contraintes pour les tables exportées
--

--
-- Contraintes pour la table `abeilles`
--
ALTER TABLE `abeilles`
  ADD CONSTRAINT `fk_abeilles_ruches1` FOREIGN KEY (`ruches_idRuches`) REFERENCES `ruches` (`idRuches`) ON DELETE NO ACTION ON UPDATE NO ACTION;

--
-- Contraintes pour la table `mesures`
--
ALTER TABLE `mesures`
  ADD CONSTRAINT `fk_donneesval_ruches1` FOREIGN KEY (`ruches_idRuches`) REFERENCES `ruches` (`idRuches`) ON DELETE NO ACTION ON UPDATE NO ACTION;

--
-- Contraintes pour la table `ruches`
--
ALTER TABLE `ruches`
  ADD CONSTRAINT `fk_ruches_apiculteurs` FOREIGN KEY (`apiculteurs_idapiculteurs`) REFERENCES `apiculteurs` (`idapiculteurs`) ON DELETE NO ACTION ON UPDATE NO ACTION;

/*!40101 SET CHARACTER_SET_CLIENT=@OLD_CHARACTER_SET_CLIENT */;
/*!40101 SET CHARACTER_SET_RESULTS=@OLD_CHARACTER_SET_RESULTS */;
/*!40101 SET COLLATION_CONNECTION=@OLD_COLLATION_CONNECTION */;
